city,month,year,rating,comment
Espoo,Jun,2025,2,Price felt slightly high.
Vantaa,Jul,2025,5,Perfect solution during my move.
Tampere,Oct,2025,4,Perfect solution during my move.
Turku,Nov,2025,2,Customer service response was slow.
Helsinki,Jul,2025,5,Climate unit protected my furniture well.
Vantaa,Aug,2024,2,Late payment fee was unclear.
Espoo,Jul,2024,3,Difficult to find the location first time.
Turku,May,2024,5,Easy booking process and friendly staff.
Tampere,Nov,2025,5,Climate unit protected my furniture well.
Espoo,Oct,2024,3,Late payment fee was unclear.
Vantaa,Apr,2024,3,Difficult to find the location first time.
Vantaa,Aug,2024,4,Perfect solution during my move.
Espoo,Apr,2025,2,Customer service response was slow.
Turku,Jul,2024,3,Needed better signage outside.
Vantaa,May,2024,5,Climate unit protected my furniture well.
Espoo,Apr,2025,2,Needed better signage outside.
Vantaa,Oct,2025,3,Price felt slightly high.
Turku,Jun,2024,5,Easy booking process and friendly staff.
Espoo,Sep,2024,5,Easy booking process and friendly staff.
Espoo,Jul,2024,5,Very secure location and fair pricing.
Helsinki,Apr,2025,5,Perfect solution during my move.
Turku,Jun,2024,5,Easy booking process and friendly staff.
Espoo,Sep,2025,5,Climate unit protected my furniture well.
Tampere,Feb,2025,3,Needed better signage outside.
Turku,Feb,2025,5,Very secure location and fair pricing.
Turku,Dec,2025,5,Climate unit protected my furniture well.
Helsinki,Nov,2024,5,Very secure location and fair pricing.
Vantaa,Dec,2025,2,Price felt slightly high.
Espoo,Aug,2025,4,Excellent service and clean unit.
Turku,Oct,2024,4,Easy booking process and friendly staff.
